age	blood,pressure,specific gravity,albumin,sugar,red blood cells,pus cell,pus cell clumps,bacteria,blood glucose random,blood urea,serum creatinine,sodium,potassium,hemoglobin,packed cell volume,white blood cell count,red blood cell count,hypertension,diabetes mellitus,coronary artery disease,appetite,pedal edema,anemia,class
48.0,80.0,1.02,1.0,0.0,normal,normal,notpresent,notpresent,121.0,36.0,1.2,0.0,0.0,15.4,44.0,7800.0,5.2,yes,yes,no,good,no,no,ckd
7.0,50.0,1.02,4.0,0.0,normal,normal,notpresent,notpresent,0.0,18.0,0.8,0.0,0.0,11.3,38.0,6000.0,0.0,no,no,no,good,no,no,ckd
62.0,80.0,1.01,2.0,3.0,normal,normal,notpresent,notpresent,423.0,53.0,1.8,0.0,0.0,9.6,31.0,7500.0,0.0,no,yes,no,poor,no,yes,ckd
48.0,70.0,1.005,4.0,0.0,normal,abnormal,present,notpresent,117.0,56.0,3.8,111.0,2.5,11.2,32.0,6700.0,3.9,yes,no,no,poor,yes,yes,ckd
51.0,80.0,1.01,2.0,0.0,normal,normal,notpresent,notpresent,106.0,26.0,1.4,0.0,0.0,11.6,35.0,7300.0,4.6,no,no,no,good,no,no,ckd
55.0,80.0,1.02,0.0,0.0,normal,normal,notpresent,notpresent,140.0,49.0,0.5,150.0,4.9,15.7,47.0,6700.0,4.9,no,no,no,good,no,no,notckd
42.0,70.0,1.025,0.0,0.0,normal,normal,notpresent,notpresent,75.0,31.0,1.2,141.0,3.5,16.5,54.0,7800.0,6.2,no,no,no,good,no,no,notckd
12.0,80.0,1.02,0.0,0.0,normal,normal,notpresent,notpresent,100.0,26.0,0.6,137.0,4.4,15.8,49.0,6600.0,5.4,no,no,no,good,no,no,notckd
17.0,60.0,1.025,0.0,0.0,normal,normal,notpresent,notpresent,114.0,50.0,1.0,135.0,4.9,14.2,51.0,7200.0,5.9,no,no,no,good,no,no,notckd
58.0,80.0,1.025,0.0,0.0,normal,normal,notpresent,notpresent,131.0,18.0,1.1,141.0,3.5,15.8,53.0,6800.0,6.1,no,no,no,good,no,no,notckd
